first,last,dob
Joan,Reynolds,1970-01-01T00:00:00.000Z
Walter,Burton,1970-01-01T00:00:00.000Z
Cheryl,Bryant,1970-01-01T00:00:00.000Z
Beverly,Castillo,1970-01-01T00:00:00.000Z
Brandon,Hayes,1970-01-01T00:00:00.000Z
Andrew,Jones,1970-01-01T00:00:00.000Z
Sandra,Bowman,1970-01-01T00:00:00.000Z
Steven,Snyder,1970-01-01T00:00:00.000Z
Ronald,Willis,1970-01-01T00:00:00.000Z
Barbara,Daniels,1970-01-01T00:00:00.000Z
Deborah,Burton,1970-01-01T00:00:00.000Z
Thomas,Parker,1970-01-01T00:00:00.000Z
Wayne,Banks,1970-01-01T00:00:00.000Z
Kenneth,Ross,1970-01-01T00:00:00.000Z
Jessica,Moore,1970-01-01T00:00:00.000Z
Laura,Fowler,1970-01-01T00:00:00.000Z
Kathleen,Jenkins,1970-01-01T00:00:00.000Z
Douglas,Woods,1970-01-01T00:00:00.000Z
David,Nelson,1970-01-01T00:00:00.000Z
Fred,Greene,1970-01-01T00:00:00.000Z
Clarence,Gardner,1970-01-01T00:00:00.000Z
,Gardner,1970-01-01T00:00:00.000Z
Melissa,Ford,1970-01-01T00:00:00.000Z
Timothy,Bradley,1970-01-01T00:00:00.000Z
Elizabeth,Miller,1970-01-01T00:00:00.000Z
Charles,Sanders,1970-01-01T00:00:00.000Z
Dorothy,Simpson,1970-01-01T00:00:00.000Z
Jonathan,Fields,1970-01-01T00:00:00.000Z
Louis,Dunn,1970-01-01T00:00:00.000Z
Stephen,Ryan,1970-01-01T00:00:00.000Z
Stephen,Henry,1970-01-01T00:00:00.000Z
Victor,Gordon,1970-01-01T00:00:00.000Z
Katherine,Moreno,1970-01-01T00:00:00.000Z
Jonathan,Lynch,1970-01-01T00:00:00.000Z
Ralph,Little,1970-01-01T00:00:00.000Z
Harry,Foster,1970-01-01T00:00:00.000Z
Matthew,Gutierrez,1970-01-01T00:00:00.000Z
Jerry,Castillo,1970-01-01T00:00:00.000Z
Mildred,Alvarez,1970-01-01T00:00:00.000Z
Gary,Olson,1970-01-01T00:00:00.000Z
Phyllis,Simpson,1970-01-01T00:00:00.000Z
Norma,Simpson,1970-01-01T00:00:00.000Z
Helen,Taylor,1970-01-01T00:00:00.000Z
Steve,Wilson,1970-01-01T00:00:00.000Z
Lisa,Howell,1970-01-01T00:00:00.000Z
Joan,Bryant,1970-01-01T00:00:00.000Z
Cheryl,Richardson,1970-01-01T00:00:00.000Z
Sandra,West,1970-01-01T00:00:00.000Z
Sara,Wright,1970-01-01T00:00:00.000Z
Lillian,Martin,1970-01-01T00:00:00.000Z
Sean,Martinez,1970-01-01T00:00:00.000Z
Daniel,Parker,1970-01-01T00:00:00.000Z
Robert,Harper,1970-01-01T00:00:00.000Z
Mary,Carroll,1970-01-01T00:00:00.000Z
Kenneth,Ellis,1970-01-01T00:00:00.000Z
Nancy,Wright,1970-01-01T00:00:00.000Z
Samuel,Hamilton,1970-01-01T00:00:00.000Z
Peter,Moore,1970-01-01T00:00:00.000Z
Ashley,Kim,1970-01-01T00:00:00.000Z
Jeffrey,Simpson,1970-01-01T00:00:00.000Z
Diane,Kelley,1970-01-01T00:00:00.000Z
Dennis,Howell,1970-01-01T00:00:00.000Z
Irene,Murphy,1970-01-01T00:00:00.000Z
Katherine,Bishop,1970-01-01T00:00:00.000Z
Shirley,Arnold,1970-01-01T00:00:00.000Z
Scott,Franklin,1970-01-01T00:00:00.000Z
Kathy,Mills,1970-01-01T00:00:00.000Z
Samuel,Green,1970-01-01T00:00:00.000Z
Arthur,Freeman,1970-01-01T00:00:00.000Z
Christopher,Alvarez,1970-01-01T00:00:00.000Z
James,Wells,1970-01-01T00:00:00.000Z
Antonio,Morgan,1970-01-01T00:00:00.000Z
Craig,Lee,1970-01-01T00:00:00.000Z
Katherine,Williamson,1970-01-01T00:00:00.000Z
Kelly,Ellis,1970-01-01T00:00:00.000Z
Jessica,Howard,1970-01-01T00:00:00.000Z
Juan,Warren,1970-01-01T00:00:00.000Z
Bruce,Hansen,1970-01-01T00:00:00.000Z
Joshua,Kim,1970-01-01T00:00:00.000Z
Eugene,Gonzales,1970-01-01T00:00:00.000Z
Jack,Reid,1970-01-01T00:00:00.000Z
Marie,Greene,1970-01-01T00:00:00.000Z
Larry,James,1970-01-01T00:00:00.000Z
Ronald,Cole,1970-01-01T00:00:00.000Z
Steve,Parker,1970-01-01T00:00:00.000Z
Jean,Hawkins,1970-01-01T00:00:00.000Z
Joan,Gilbert,1970-01-01T00:00:00.000Z
Amanda,Rodriguez,1970-01-01T00:00:00.000Z
Gregory,Flores,1970-01-01T00:00:00.000Z
David,Lopez,1970-01-01T00:00:00.000Z
Mark,Mendoza,1970-01-01T00:00:00.000Z
Nicholas,Cadge,1970-01-01T00:00:00.000Z
Norma,Scott,1970-01-01T00:00:00.000Z
Julia,Freeman,1970-01-01T00:00:00.000Z
Nicholas,Frazier,1970-01-01T00:00:00.000Z
Robin,Turner,1970-01-01T00:00:00.000Z
Phyllis,Gibson,1970-01-01T00:00:00.000Z
Ruby,Black,1970-01-01T00:00:00.000Z
Gerald,Willis,1970-01-01T00:00:00.000Z
Philip,Mason,1970-01-01T00:00:00.000Z
Barbara,Boyd,1970-01-01T00:00:00.000Z
Bonnie,Watkins,1970-01-01T00:00:00.000Z
Teresa,Hall,1970-01-01T00:00:00.000Z
Tina,Hawkins,1970-01-01T00:00:00.000Z
Earl,Diaz,1970-01-01T00:00:00.000Z
Roger,Schmidt,1970-01-01T00:00:00.000Z
Steven,Dixon,1970-01-01T00:00:00.000Z
Philip,Barnes,1970-01-01T00:00:00.000Z
Judy,Stephens,1970-01-01T00:00:00.000Z
Teresa,Simpson,1970-01-01T00:00:00.000Z
Anthony,Bennett,1970-01-01T00:00:00.000Z
Mildred,Ray,1970-01-01T00:00:00.000Z
Beverly,Morales,1970-01-01T00:00:00.000Z
Flash,Gordon,1970-01-01T00:00:00.000Z
Patrick,Murray,1970-01-01T00:00:00.000Z
Patricia,Ryan,1970-01-01T00:00:00.000Z
Antonio,Moreno,1970-01-01T00:00:00.000Z
Judith,Wilson,1970-01-01T00:00:00.000Z
Eugene,Brooks,1970-01-01T00:00:00.000Z
Bruce,King,1970-01-01T00:00:00.000Z
Linda,Lawrence,1970-01-01T00:00:00.000Z
Ronald,Mendoza,1970-01-01T00:00:00.000Z
Carl,Bowman,1970-01-01T00:00:00.000Z
Ruby,Patterson,1970-01-01T00:00:00.000Z
Clarence,Rivera,1970-01-01T00:00:00.000Z
Mary,Moore,1970-01-01T00:00:00.000Z
Betty,Hart,1970-01-01T00:00:00.000Z
Roger,Harvey,1970-01-01T00:00:00.000Z
Thomas,Kim,1970-01-01T00:00:00.000Z
Justin,Perry,1970-01-01T00:00:00.000Z
Eric,Harper,1970-01-01T00:00:00.000Z
Cheryl,Spencer,1970-01-01T00:00:00.000Z
David,Brooks,1970-01-01T00:00:00.000Z
Raymond,Morgan,1970-01-01T00:00:00.000Z
Louise,Rose,1970-01-01T00:00:00.000Z
Paula,Rice,1970-01-01T00:00:00.000Z
Lois,Gilbert,1970-01-01T00:00:00.000Z
Mary,Hicks,1970-01-01T00:00:00.000Z
Willie,Ross,1970-01-01T00:00:00.000Z
Kelly,Griffin,1970-01-01T00:00:00.000Z
Ann,Cooper,1970-01-01T00:00:00.000Z
Amanda,Walker,1970-01-01T00:00:00.000Z
Harold,Cook,1970-01-01T00:00:00.000Z
Nicholas,Cruz,1970-01-01T00:00:00.000Z
Pamela,Lynch,1970-01-01T00:00:00.000Z
Ernest,Webb,1970-01-01T00:00:00.000Z
Eugene,Palmer,1970-01-01T00:00:00.000Z
Helen,Fox,1970-01-01T00:00:00.000Z
Jane,Wagner,1970-01-01T00:00:00.000Z
Jennifer,Watkins,1970-01-01T00:00:00.000Z
Jennifer,Bailey,1970-01-01T00:00:00.000Z
Peter,Mcdonald,1970-01-01T00:00:00.000Z
Ruby,Owens,1970-01-01T00:00:00.000Z
Philip,Scott,1970-01-01T00:00:00.000Z
Gerald,Hayes,1970-01-01T00:00:00.000Z
Donald,Olson,1970-01-01T00:00:00.000Z
Debra,Rice,1970-01-01T00:00:00.000Z
Roy,Olson,1970-01-01T00:00:00.000Z
Jerry,Thompson,1970-01-01T00:00:00.000Z
Martha,Perry,1970-01-01T00:00:00.000Z
Ann,Ryan,1970-01-01T00:00:00.000Z
Karen,Warren,1970-01-01T00:00:00.000Z
Adam,Knight,1970-01-01T00:00:00.000Z
Walter,Morrison,1970-01-01T00:00:00.000Z
Ryan,Miller,1970-01-01T00:00:00.000Z
Jose,Sanchez,1970-01-01T00:00:00.000Z
Craig,Gonzales,1970-01-01T00:00:00.000Z
,Williamson,1970-01-01T00:00:00.000Z
Norma,Jones,1970-01-01T00:00:00.000Z
Ernest,Payne,1970-01-01T00:00:00.000Z
Joshua,Murphy,1970-01-01T00:00:00.000Z
Mark,Freeman,1970-01-01T00:00:00.000Z
Kenneth,Stephens,1970-01-01T00:00:00.000Z
Barbara,Bell,1970-01-01T00:00:00.000Z
Steve,Burton,1970-01-01T00:00:00.000Z
Carl,Ward,1970-01-01T00:00:00.000Z
Debra,Davis,1970-01-01T00:00:00.000Z
Anne,Butler,1970-01-01T00:00:00.000Z
Douglas,Ruiz,1970-01-01T00:00:00.000Z
Melissa,Thomas,1970-01-01T00:00:00.000Z
Phillip,Fields,1970-01-01T00:00:00.000Z
Stephanie,Roberts,1970-01-01T00:00:00.000Z
Gary,Warren,1970-01-01T00:00:00.000Z
David,Rivera,1970-01-01T00:00:00.000Z
Larry,Banks,1970-01-01T00:00:00.000Z
Rebecca,Thompson,1970-01-01T00:00:00.000Z
Clarence,Jacobs,1970-01-01T00:00:00.000Z
Lori,Flores,1970-01-01T00:00:00.000Z
Barbara,Griffin,1970-01-01T00:00:00.000Z
Carol,Howard,1970-01-01T00:00:00.000Z
Margaret,Black,1970-01-01T00:00:00.000Z
Kenneth,Gordon,1970-01-01T00:00:00.000Z
George,Sanchez,1970-01-01T00:00:00.000Z
Ashley,Welch,1970-01-01T00:00:00.000Z
Victor,Day,1970-01-01T00:00:00.000Z
Ernest,Morrison,1970-01-01T00:00:00.000Z
Todd,Kennedy,1970-01-01T00:00:00.000Z
Sara,Ford,1970-01-01T00:00:00.000Z
Marie,Harris,1970-01-01T00:00:00.000Z
Ernest,Schmidt,1970-01-01T00:00:00.000Z
Raymond,Hart,1970-01-01T00:00:00.000Z
Julie,Welch,1970-01-01T00:00:00.000Z
Sandra,Hawkins,1970-01-01T00:00:00.000Z
Johnny,Olson,1970-01-01T00:00:00.000Z
Lori,Gonzalez,1970-01-01T00:00:00.000Z
Joshua,Ramirez,1970-01-01T00:00:00.000Z
Carl,Ellis,1970-01-01T00:00:00.000Z
William,Gomez,1970-01-01T00:00:00.000Z
Donna,Richards,1970-01-01T00:00:00.000Z
Michelle,Green,1970-01-01T00:00:00.000Z
Catherine,Morris,1970-01-01T00:00:00.000Z
Adam,West,1970-01-01T00:00:00.000Z
Julia,Griffin,1970-01-01T00:00:00.000Z
Heather,Kelley,1970-01-01T00:00:00.000Z
Harold,Perry,1970-01-01T00:00:00.000Z
Linda,West,1970-01-01T00:00:00.000Z
Donald,Bailey,1970-01-01T00:00:00.000Z
Alan,Green,1970-01-01T00:00:00.000Z
Tammy,Campbell,1970-01-01T00:00:00.000Z
Albert,Montgomery,1970-01-01T00:00:00.000Z
George,Owens,1970-01-01T00:00:00.000Z
Anne,Lee,1970-01-01T00:00:00.000Z
Roy,Porter,1970-01-01T00:00:00.000Z
Adam,Tucker,1970-01-01T00:00:00.000Z
Joshua,Arnold,1970-01-01T00:00:00.000Z
Sandra,Burton,1970-01-01T00:00:00.000Z
Billy,Richardson,1970-01-01T00:00:00.000Z
Robert,Lynch,1970-01-01T00:00:00.000Z
Juan,Freeman,1970-01-01T00:00:00.000Z
Frank,Mills,1970-01-01T00:00:00.000Z
Jonathan,Ford,1970-01-01T00:00:00.000Z
Betty,Welch,1970-01-01T00:00:00.000Z
Scott,Warren,1970-01-01T00:00:00.000Z
Deborah,Hanson,1970-01-01T00:00:00.000Z
Nancy,Edwards,1970-01-01T00:00:00.000Z
Eric,Peters,1970-01-01T00:00:00.000Z
Jennifer,Andrews,1970-01-01T00:00:00.000Z
Cynthia,Boyd,1970-01-01T00:00:00.000Z
Christine,Larson,1970-01-01T00:00:00.000Z
Kathleen,Sims,1970-01-01T00:00:00.000Z
Thomas,Fowler,1970-01-01T00:00:00.000Z
Louise,Holmes,1970-01-01T00:00:00.000Z
Andrea,Bradley,1970-01-01T00:00:00.000Z
Harry,Mccoy,1970-01-01T00:00:00.000Z
Andrew,Cunningham,1970-01-01T00:00:00.000Z
James,Gonzales,1970-01-01T00:00:00.000Z
Rose,Gilbert,1970-01-01T00:00:00.000Z
Brandon,Perry,1970-01-01T00:00:00.000Z
Arthur,Ellis,1970-01-01T00:00:00.000Z
Joseph,Fowler,1970-01-01T00:00:00.000Z
Gloria,Mitchell,1970-01-01T00:00:00.000Z
Larry,Torres,1970-01-01T00:00:00.000Z
Todd,Carroll,1970-01-01T00:00:00.000Z
Carlos,Bradley,1970-01-01T00:00:00.000Z
Evelyn,Reynolds,1970-01-01T00:00:00.000Z
Wayne,Wells,1970-01-01T00:00:00.000Z
Lillian,Simpson,1970-01-01T00:00:00.000Z
Susan,Walker,1970-01-01T00:00:00.000Z
Robin,Morgan,1970-01-01T00:00:00.000Z
Todd,Sullivan,1970-01-01T00:00:00.000Z
Stephanie,Payne,1970-01-01T00:00:00.000Z
Gary,Williamson,1970-01-01T00:00:00.000Z
Eugene,Willis,1970-01-01T00:00:00.000Z
Andrew,Campbell,1970-01-01T00:00:00.000Z
Aaron,Greene,1970-01-01T00:00:00.000Z
Adam,Fox,1970-01-01T00:00:00.000Z
Keith,Washington,1970-01-01T00:00:00.000Z
Donna,Mills,1970-01-01T00:00:00.000Z
Linda,Boyd,1970-01-01T00:00:00.000Z
Deborah,Alexander,1970-01-01T00:00:00.000Z
Nancy,Diaz,1970-01-01T00:00:00.000Z
Phillip,Jordan,1970-01-01T00:00:00.000Z
Kenneth,Rose,1970-01-01T00:00:00.000Z
Anthony,Ray,1970-01-01T00:00:00.000Z
Aaron,Elliott,1970-01-01T00:00:00.000Z
Kathleen,Evans,1970-01-01T00:00:00.000Z
Larry,Perkins,1970-01-01T00:00:00.000Z
Earl,Spencer,1970-01-01T00:00:00.000Z
Ruth,Bryant,1970-01-01T00:00:00.000Z
Todd,Baker,1970-01-01T00:00:00.000Z
Kevin,Allen,1970-01-01T00:00:00.000Z
Victor,Moore,1970-01-01T00:00:00.000Z
Helen,Rice,1970-01-01T00:00:00.000Z
Michael,Cooper,1970-01-01T00:00:00.000Z
Andrew,Meyer,1970-01-01T00:00:00.000Z
Catherine,Fox,1970-01-01T00:00:00.000Z
Paula,Burton,1970-01-01T00:00:00.000Z
Frances,Hunt,1970-01-01T00:00:00.000Z
Eric,Bradley,1970-01-01T00:00:00.000Z
Roy,Hall,1970-01-01T00:00:00.000Z
Adam,Tucker,1970-01-01T00:00:00.000Z
Robin,Howell,1970-01-01T00:00:00.000Z
Anna,Daniels,1970-01-01T00:00:00.000Z
Pamela,Griffin,1970-01-01T00:00:00.000Z
Jean,Richardson,1970-01-01T00:00:00.000Z
Edward,Burns,1970-01-01T00:00:00.000Z
Bonnie,Fernandez,1970-01-01T00:00:00.000Z
Tammy,Day,1970-01-01T00:00:00.000Z
Wanda,Lawrence,1970-01-01T00:00:00.000Z
Patrick,Edwards,1970-01-01T00:00:00.000Z
Rachel,Anderson,1970-01-01T00:00:00.000Z
Ryan,Lewis,1970-01-01T00:00:00.000Z
Stephen,Daniels,1970-01-01T00:00:00.000Z
Amy,Wood,1970-01-01T00:00:00.000Z
Paul,Diaz,1970-01-01T00:00:00.000Z
Dorothy,Cunningham,1970-01-01T00:00:00.000Z
Emily,Hernandez,1970-01-01T00:00:00.000Z
Linda,James,1970-01-01T00:00:00.000Z
Aaron,Hayes,1970-01-01T00:00:00.000Z
Jesse,Payne,1970-01-01T00:00:00.000Z
Billy,Davis,1970-01-01T00:00:00.000Z
Benjamin,Hawkins,1970-01-01T00:00:00.000Z
Margaret,Fernandez,1970-01-01T00:00:00.000Z
Andrew,Daniels,1970-01-01T00:00:00.000Z
Cynthia,Riley,1970-01-01T00:00:00.000Z
Mildred,Mills,1970-01-01T00:00:00.000Z
Martin,Burton,1970-01-01T00:00:00.000Z
Bobby,Myers,1970-01-01T00:00:00.000Z
Carol,Henry,1970-01-01T00:00:00.000Z
Ronald,Berry,1970-01-01T00:00:00.000Z
Kathy,Wright,1970-01-01T00:00:00.000Z
Ann,Ellis,1970-01-01T00:00:00.000Z
Chris,King,1970-01-01T00:00:00.000Z
Victor,Hayes,1970-01-01T00:00:00.000Z
Jessica,Gibson,1970-01-01T00:00:00.000Z
Louis,Barnes,1970-01-01T00:00:00.000Z
Anna,Howell,1970-01-01T00:00:00.000Z
Albert,Hall,1970-01-01T00:00:00.000Z
Keith,Garrett,1970-01-01T00:00:00.000Z
Patrick,Hawkins,1970-01-01T00:00:00.000Z
Ruth,Fuller,1970-01-01T00:00:00.000Z
Janice,Fisher,1970-01-01T00:00:00.000Z
Joe,Carroll,1970-01-01T00:00:00.000Z
Bobby,Gonzalez,1970-01-01T00:00:00.000Z
Howard,Dixon,1970-01-01T00:00:00.000Z
Sharon,Carr,1970-01-01T00:00:00.000Z
Carol,Perry,1970-01-01T00:00:00.000Z
James,Hicks,1970-01-01T00:00:00.000Z
Cynthia,Larson,1970-01-01T00:00:00.000Z
Louise,Hernandez,1970-01-01T00:00:00.000Z
Tammy,Jordan,1970-01-01T00:00:00.000Z
Thomas,Reynolds,1970-01-01T00:00:00.000Z
Jonathan,Fisher,1970-01-01T00:00:00.000Z
Eric,Schmidt,1970-01-01T00:00:00.000Z
Stephanie,Arnold,1970-01-01T00:00:00.000Z
Denise,Payne,1970-01-01T00:00:00.000Z
Lillian,Clark,1970-01-01T00:00:00.000Z
Eugene,Reynolds,1970-01-01T00:00:00.000Z
Sara,Mitchell,1970-01-01T00:00:00.000Z
Walter,Williams,1970-01-01T00:00:00.000Z
Kelly,Martinez,1970-01-01T00:00:00.000Z
Philip,Ross,1970-01-01T00:00:00.000Z
Phillip,Mason,1970-01-01T00:00:00.000Z
Russell,Kim,1970-01-01T00:00:00.000Z
Maria,Vasquez,1970-01-01T00:00:00.000Z
Wanda,Cox,1970-01-01T00:00:00.000Z
Todd,Foster,1970-01-01T00:00:00.000Z
Janice,Lee,1970-01-01T00:00:00.000Z
Christina,Lane,1970-01-01T00:00:00.000Z
Ralph,Johnston,1970-01-01T00:00:00.000Z
Paul,Sims,1970-01-01T00:00:00.000Z
Mildred,Murray,1970-01-01T00:00:00.000Z
Sarah,Perry,1970-01-01T00:00:00.000Z
Patricia,Reed,1970-01-01T00:00:00.000Z
Diane,Cox,1970-01-01T00:00:00.000Z
Eric,Scott,1970-01-01T00:00:00.000Z
Carl,Morales,1970-01-01T00:00:00.000Z
Aaron,Henry,1970-01-01T00:00:00.000Z
Philip,Richardson,1970-01-01T00:00:00.000Z
Shirley,Smith,1970-01-01T00:00:00.000Z
Joshua,Cooper,1970-01-01T00:00:00.000Z
John,Burton,1970-01-01T00:00:00.000Z
Linda,Stewart,1970-01-01T00:00:00.000Z
Paula,Elliott,1970-01-01T00:00:00.000Z
Ashley,Franklin,1970-01-01T00:00:00.000Z
Andrew,Hamilton,1970-01-01T00:00:00.000Z
Billy,Parker,1970-01-01T00:00:00.000Z
Robert,Edwards,1970-01-01T00:00:00.000Z
Linda,Hunt,1970-01-01T00:00:00.000Z
Julie,Evans,1970-01-01T00:00:00.000Z
Janet,Wood,1970-01-01T00:00:00.000Z
Victor,Bowman,1970-01-01T00:00:00.000Z
William,Reyes,1970-01-01T00:00:00.000Z
Louis,Kelley,1970-01-01T00:00:00.000Z
Jose,Hill,1970-01-01T00:00:00.000Z
,Moore,1970-01-01T00:00:00.000Z
Craig,Burns,1970-01-01T00:00:00.000Z
Robin,Rose,1970-01-01T00:00:00.000Z
Cynthia,Campbell,1970-01-01T00:00:00.000Z
Rose,Collins,1970-01-01T00:00:00.000Z
Jesse,Garza,1970-01-01T00:00:00.000Z
Jacqueline,Alexander,1970-01-01T00:00:00.000Z
Evelyn,Hudson,1970-01-01T00:00:00.000Z
Billy,James,1970-01-01T00:00:00.000Z
Brian,Stanley,1970-01-01T00:00:00.000Z
Norma,Rice,1970-01-01T00:00:00.000Z
Robert,Knight,1970-01-01T00:00:00.000Z
Timothy,Ortiz,1970-01-01T00:00:00.000Z
Heather,Johnston,1970-01-01T00:00:00.000Z
Daniel,Miller,1970-01-01T00:00:00.000Z
Pamela,Stevens,1970-01-01T00:00:00.000Z
Fred,Berry,1970-01-01T00:00:00.000Z
Patrick,Smith,1970-01-01T00:00:00.000Z
Rachel,Mitchell,1970-01-01T00:00:00.000Z
Rusell,Allen,1970-01-01T00:00:00.000Z
Jack,White,1970-01-01T00:00:00.000Z
Scott,Butler,1970-01-01T00:00:00.000Z
Shirley,Gibson,1970-01-01T00:00:00.000Z
Evelyn,Fowler,1970-01-01T00:00:00.000Z
Arthur,,1970-01-01T00:00:00.000Z
Kelly,Gray,1970-01-01T00:00:00.000Z
Annie,Sanders,1970-01-01T00:00:00.000Z
Lillian,Moore,1970-01-01T00:00:00.000Z
Laura,Barnes,1970-01-01T00:00:00.000Z
Tammy,Morgan,1970-01-01T00:00:00.000Z
Benjamin,Fields,1970-01-01T00:00:00.000Z
Lori,Hughes,1970-01-01T00:00:00.000Z
Jonathan,Torres,1970-01-01T00:00:00.000Z
Evelyn,Richardson,1970-01-01T00:00:00.000Z
Larry,Moreno,1970-01-01T00:00:00.000Z
Sarah,Riley,1970-01-01T00:00:00.000Z
Juan,Rivera,1970-01-01T00:00:00.000Z
Sarah,Porter,1970-01-01T00:00:00.000Z
Doris,Stephens,1970-01-01T00:00:00.000Z
Bobby,West,1970-01-01T00:00:00.000Z
Wayne,Powell,1970-01-01T00:00:00.000Z
Steve,Nelson,1970-01-01T00:00:00.000Z
Craig,Simpson,1970-01-01T00:00:00.000Z
Annie,Jenkins,1970-01-01T00:00:00.000Z
Ernest,Price,1970-01-01T00:00:00.000Z
Sara,Harvey,1970-01-01T00:00:00.000Z
Joyce,Alvarez,1970-01-01T00:00:00.000Z
Michelle,Elliott,1970-01-01T00:00:00.000Z
Pamela,Rogers,1970-01-01T00:00:00.000Z
Sharon,Murray,1970-01-01T00:00:00.000Z
Roger,Elliott,1970-01-01T00:00:00.000Z
Walter,Gilbert,1970-01-01T00:00:00.000Z
Ashley,Willis,1970-01-01T00:00:00.000Z
Maria,Hicks,1970-01-01T00:00:00.000Z
Gregory,Burke,1970-01-01T00:00:00.000Z
Craig,Gardner,1970-01-01T00:00:00.000Z
Alan,Lane,1970-01-01T00:00:00.000Z
Kathy,Evans,1970-01-01T00:00:00.000Z
Pamela,Miller,1970-01-01T00:00:00.000Z
Nancy,Lynch,1970-01-01T00:00:00.000Z
Keith,Martinez,1970-01-01T00:00:00.000Z
Joseph,Parker,1970-01-01T00:00:00.000Z
Martin,Kelley,1970-01-01T00:00:00.000Z
Shawn,Marshall,1970-01-01T00:00:00.000Z
Gerald,George,1970-01-01T00:00:00.000Z
Juan,Alexander,1970-01-01T00:00:00.000Z
Andrea,Martinez,1970-01-01T00:00:00.000Z
Wanda,James,1970-01-01T00:00:00.000Z
Russell,Richards,1970-01-01T00:00:00.000Z
Maria,Kelly,1970-01-01T00:00:00.000Z
Julie,Ramirez,1970-01-01T00:00:00.000Z
Gary,Robert,1970-01-01T00:00:00.000Z
Eugene,Vasquez,1970-01-01T00:00:00.000Z
Jesse,Nichols,1970-01-01T00:00:00.000Z
Albert,Ramirez,1970-01-01T00:00:00.000Z
Carol,Parker,1970-01-01T00:00:00.000Z
Jacqueline,Ray,1970-01-01T00:00:00.000Z
Louis,Stephens,1970-01-01T00:00:00.000Z
Ruby,Perry,1970-01-01T00:00:00.000Z
Steve,Nelson,1970-01-01T00:00:00.000Z
Denise,Rivera,1970-01-01T00:00:00.000Z
Janet,Harrison,1970-01-01T00:00:00.000Z
Rose,Diaz,1970-01-01T00:00:00.000Z
Shawn,Fields,1970-01-01T00:00:00.000Z
Harry,Bradley,1970-01-01T00:00:00.000Z
Lois,Matthews,1970-01-01T00:00:00.000Z
Debra,Hart,1970-01-01T00:00:00.000Z
Ruth,Harris,1970-01-01T00:00:00.000Z
Susan,Gomez,1970-01-01T00:00:00.000Z
Philip,Hanson,1970-01-01T00:00:00.000Z
Chris,Lane,1970-01-01T00:00:00.000Z
Joan,Stanley,1970-01-01T00:00:00.000Z
Earl,Gardner,1970-01-01T00:00:00.000Z
Lillian,Mendoza,1970-01-01T00:00:00.000Z
Todd,Wells,1970-01-01T00:00:00.000Z
Helen,Riley,1970-01-01T00:00:00.000Z
Earl,Reyes,1970-01-01T00:00:00.000Z
Shawn,Watkins,1970-01-01T00:00:00.000Z
Lois,George,1970-01-01T00:00:00.000Z
Eric,Miller,1970-01-01T00:00:00.000Z
Louise,Perez,1970-01-01T00:00:00.000Z
Alice,Kim,1970-01-01T00:00:00.000Z
Jesse,Scott,1970-01-01T00:00:00.000Z
Amanda,Dean,1970-01-01T00:00:00.000Z
Carolyn,Harper,1970-01-01T00:00:00.000Z
Dennis,Lawrence,1970-01-01T00:00:00.000Z
Carlos,Thompson,1970-01-01T00:00:00.000Z
Joshua,Chapman,1970-01-01T00:00:00.000Z
Brenda,King,1970-01-01T00:00:00.000Z
James,Garrett,1970-01-01T00:00:00.000Z
Eugene,Cooper,1970-01-01T00:00:00.000Z
Frances,Myers,1970-01-01T00:00:00.000Z
Helen,Nguyen,1970-01-01T00:00:00.000Z
Juan,Morrison,1970-01-01T00:00:00.000Z
Diane,Gomez,1970-01-01T00:00:00.000Z
Willie,Collins,1970-01-01T00:00:00.000Z
Betty,Ortiz,1970-01-01T00:00:00.000Z
Anna,Evans,1970-01-01T00:00:00.000Z
Jean,Chavez,1970-01-01T00:00:00.000Z
Teresa,Ortiz,1970-01-01T00:00:00.000Z
Lori,Sullivan,1970-01-01T00:00:00.000Z
Laura,Hayes,1970-01-01T00:00:00.000Z
Douglas,Garza,1970-01-01T00:00:00.000Z
Helen,Jackson,1970-01-01T00:00:00.000Z
Wayne,Mendoza,1970-01-01T00:00:00.000Z
Norma,Burns,1970-01-01T00:00:00.000Z
Sharon,Hamilton,1970-01-01T00:00:00.000Z
Brenda,Stone,1970-01-01T00:00:00.000Z
Melissa,Taylor,1970-01-01T00:00:00.000Z
Lori,Gutierrez,1970-01-01T00:00:00.000Z
Andrea,Ellis,1970-01-01T00:00:00.000Z
Heather,Bowman,1970-01-01T00:00:00.000Z
Scott,Parker,1970-01-01T00:00:00.000Z
Christine,Wheeler,1970-01-01T00:00:00.000Z
Jerry,Hawkins,1970-01-01T00:00:00.000Z
Julia,Watson,1970-01-01T00:00:00.000Z
Anthony,Richardson,1970-01-01T00:00:00.000Z
Victor,Howard,1970-01-01T00:00:00.000Z
Daniel,Rose,1970-01-01T00:00:00.000Z
Diane,Owens,1970-01-01T00:00:00.000Z
Lisa,Fernandez,1970-01-01T00:00:00.000Z
Emily,Jenkins,1970-01-01T00:00:00.000Z
Eugene,Gordon,1970-01-01T00:00:00.000Z
Rose,Johnston,1970-01-01T00:00:00.000Z
Ashley,Lynch,1970-01-01T00:00:00.000Z
Pamela,Woods,1970-01-01T00:00:00.000Z
Steven,Burke,1970-01-01T00:00:00.000Z
Patrick,Tucker,1970-01-01T00:00:00.000Z
Andrew,Torres,1970-01-01T00:00:00.000Z
Dorothy,Gibson,1970-01-01T00:00:00.000Z
Teresa,Wheeler,1970-01-01T00:00:00.000Z
Irene,Peterson,1970-01-01T00:00:00.000Z
Marie,Wallace,1970-01-01T00:00:00.000Z
Patrick,Cook,1970-01-01T00:00:00.000Z
John,Woods,1970-01-01T00:00:00.000Z
Wanda,Cook,1970-01-01T00:00:00.000Z
Mark,Ortiz,1970-01-01T00:00:00.000Z
Rebecca,Watkins,1970-01-01T00:00:00.000Z
Deborah,Davis,1970-01-01T00:00:00.000Z
Steven,Robertson,1970-01-01T00:00:00.000Z
Justin,Shaw,1970-01-01T00:00:00.000Z
Jacqueline,Hicks,1970-01-01T00:00:00.000Z
Jack,Hayes,1970-01-01T00:00:00.000Z
Christine,Foster,1970-01-01T00:00:00.000Z
Richard,Hughes,1970-01-01T00:00:00.000Z
Alan,Jackson,1970-01-01T00:00:00.000Z
Wanda,Dixon,1970-01-01T00:00:00.000Z
Eugene,George,1970-01-01T00:00:00.000Z
Cheryl,Alexander,1970-01-01T00:00:00.000Z
Edward,Hansen,1970-01-01T00:00:00.000Z
Denise,Pierce,1970-01-01T00:00:00.000Z
Louis,Garrett,1970-01-01T00:00:00.000Z
Joshua,Hawkins,1970-01-01T00:00:00.000Z
Kelly,Sullivan,1970-01-01T00:00:00.000Z
Joseph,Hernandez,1970-01-01T00:00:00.000Z
Amy,Diaz,1970-01-01T00:00:00.000Z
Willie,Nguyen,1970-01-01T00:00:00.000Z
Emily,Hunt,1970-01-01T00:00:00.000Z
Craig,Simmons,1970-01-01T00:00:00.000Z
Joseph,Gray,1970-01-01T00:00:00.000Z
Jesse,Collins,1970-01-01T00:00:00.000Z
Ronald,Hicks,1970-01-01T00:00:00.000Z
Brandon,Burns,1970-01-01T00:00:00.000Z
Norma,Ross,1970-01-01T00:00:00.000Z
Patricia,Dunn,1970-01-01T00:00:00.000Z
Carol,Graham,1970-01-01T00:00:00.000Z
Lori,Hughes,1970-01-01T00:00:00.000Z
Michael,Mendoza,1970-01-01T00:00:00.000Z
Diana,Russell,1970-01-01T00:00:00.000Z
Michael,Ramirez,1970-01-01T00:00:00.000Z
Diana,Bishop,1970-01-01T00:00:00.000Z
Raymond,Simpson,1970-01-01T00:00:00.000Z
Paul,Gordon,1970-01-01T00:00:00.000Z
Paul,Gilbert,1970-01-01T00:00:00.000Z
Jesse,Allen,1970-01-01T00:00:00.000Z
Jacqueline,Hunter,1970-01-01T00:00:00.000Z
Gregory,Hanson,1970-01-01T00:00:00.000Z
Lillian,Austin,1970-01-01T00:00:00.000Z
Beverly,Campbell,1970-01-01T00:00:00.000Z
Robin,Greene,1970-01-01T00:00:00.000Z
Kathleen,Jordan,1970-01-01T00:00:00.000Z
Johnny,Little,1970-01-01T00:00:00.000Z
Amanda,Porter,1970-01-01T00:00:00.000Z
Timothy,Ward,1970-01-01T00:00:00.000Z
Stephen,Carroll,1970-01-01T00:00:00.000Z
Karen,Ortiz,1970-01-01T00:00:00.000Z
Jackie,Cunningham,1970-01-01T00:00:00.000Z
Nancy,Griffin,1970-01-01T00:00:00.000Z
Alice,Martin,1970-01-01T00:00:00.000Z
George,Turner,1970-01-01T00:00:00.000Z
Janice,Day,1970-01-01T00:00:00.000Z
Daniel,Simmons,1970-01-01T00:00:00.000Z
Christine,Franklin,1970-01-01T00:00:00.000Z
Victor,Murphy,1970-01-01T00:00:00.000Z
Lillian,Harris,1970-01-01T00:00:00.000Z
Terry,Martinez,1970-01-01T00:00:00.000Z
Annie,Roberts,1970-01-01T00:00:00.000Z
Denise,Hill,1970-01-01T00:00:00.000Z
Debra,Burton,1970-01-01T00:00:00.000Z
Kenneth,Lane,1970-01-01T00:00:00.000Z
Tommy,Snyder,1970-01-01T00:00:00.000Z
Peter,Henry,1970-01-01T00:00:00.000Z
Ashley,Campbell,1970-01-01T00:00:00.000Z
Gerald,Ruiz,1970-01-01T00:00:00.000Z
Albert,Powell,1970-01-01T00:00:00.000Z
Robin,Clark,1970-01-01T00:00:00.000Z
Rebecca,Simpson,1970-01-01T00:00:00.000Z
Carl,Banks,1970-01-01T00:00:00.000Z
Justin,Cole,1970-01-01T00:00:00.000Z
Michelle,Roberts,1970-01-01T00:00:00.000Z
Fred,Martin,1970-01-01T00:00:00.000Z
Patricia,Burke,1970-01-01T00:00:00.000Z
Randy,Fields,1970-01-01T00:00:00.000Z
Kelly,James,1970-01-01T00:00:00.000Z
Sara,Ramos,1970-01-01T00:00:00.000Z
Jerry,Williamson,1970-01-01T00:00:00.000Z
Jim,Morris,1970-01-01T00:00:00.000Z
Terry,Owens,1970-01-01T00:00:00.000Z
Sandra,Jordan,1970-01-01T00:00:00.000Z
Jonathan,Simpson,1970-01-01T00:00:00.000Z
Jason,Little,1970-01-01T00:00:00.000Z
Gary,Harvey,1970-01-01T00:00:00.000Z
Scott,Cunningham,1970-01-01T00:00:00.000Z
Stephen,Marshall,1970-01-01T00:00:00.000Z
Jean,Webb,1970-01-01T00:00:00.000Z
Mildred,Holmes,1970-01-01T00:00:00.000Z
Jesse,Robertson,1970-01-01T00:00:00.000Z
Helen,Gray,1970-01-01T00:00:00.000Z
Irene,Stewart,1970-01-01T00:00:00.000Z
Douglas,Cox,1970-01-01T00:00:00.000Z
Sandra,Webb,1970-01-01T00:00:00.000Z
Justin,Moore,1970-01-01T00:00:00.000Z
Steven,George,1970-01-01T00:00:00.000Z
Walter,Anderson,1970-01-01T00:00:00.000Z
Martin,Gordon,1970-01-01T00:00:00.000Z
Alan,Hamilton,1970-01-01T00:00:00.000Z
Clarence,Kennedy,1970-01-01T00:00:00.000Z
Christina,Woods,1970-01-01T00:00:00.000Z
Irene,Grant,1970-01-01T00:00:00.000Z
Wayne,Greene,1970-01-01T00:00:00.000Z
Ann,Lynch,1970-01-01T00:00:00.000Z
Andrea,Sanders,1970-01-01T00:00:00.000Z
Richard,Hart,1970-01-01T00:00:00.000Z
Amy,Mason,1970-01-01T00:00:00.000Z
Ruby,Spencer,1970-01-01T00:00:00.000Z
Jason,Lynch,1970-01-01T00:00:00.000Z
Janice,Rose,1970-01-01T00:00:00.000Z
Amy,Lee,1970-01-01T00:00:00.000Z
Anna,Olson,1970-01-01T00:00:00.000Z
Denise,Arnold,1970-01-01T00:00:00.000Z
Debra,Bowman,1970-01-01T00:00:00.000Z
Robert,Dean,1970-01-01T00:00:00.000Z
Joan,Mills,1970-01-01T00:00:00.000Z
Amy,Wood,1970-01-01T00:00:00.000Z
Arthur,Simpson,1970-01-01T00:00:00.000Z
Jonathan,Lopez,1970-01-01T00:00:00.000Z
Angela,Wright,1970-01-01T00:00:00.000Z
Martha,Gilbert,1970-01-01T00:00:00.000Z
Phyllis,Hansen,1970-01-01T00:00:00.000Z
Lisa,Bennett,1970-01-01T00:00:00.000Z
Diane,Mccoy,1970-01-01T00:00:00.000Z
John,Kim,1970-01-01T00:00:00.000Z
Walter,Gutierrez,1970-01-01T00:00:00.000Z
Ann,Brown,1970-01-01T00:00:00.000Z
Virginia,Carr,1970-01-01T00:00:00.000Z
Michelle,Howell,1970-01-01T00:00:00.000Z
Christopher,Morales,1970-01-01T00:00:00.000Z
Philip,Richardson,1970-01-01T00:00:00.000Z
Diana,Powell,1970-01-01T00:00:00.000Z
Frances,Armstrong,1970-01-01T00:00:00.000Z
Jack,King,1970-01-01T00:00:00.000Z
Anne,Russell,1970-01-01T00:00:00.000Z
Keith,Morgan,1970-01-01T00:00:00.000Z
Diana,Richards,1970-01-01T00:00:00.000Z
Roy,Snyder,1970-01-01T00:00:00.000Z
Matthew,Wagner,1970-01-01T00:00:00.000Z
Betty,Freeman,1970-01-01T00:00:00.000Z
Daniel,Robinson,1970-01-01T00:00:00.000Z
Barbara,Lewis,1970-01-01T00:00:00.000Z
Keith,Berry,1970-01-01T00:00:00.000Z
Linda,Murray,1970-01-01T00:00:00.000Z
,,
Patricia,Carpenter,1970-01-01T00:00:00.000Z
Phillip,Willis,1970-01-01T00:00:00.000Z
Kelly,Ryan,1970-01-01T00:00:00.000Z
Martin,Medina,1970-01-01T00:00:00.000Z
Irene,Bradley,1970-01-01T00:00:00.000Z
Katherine,Brown,1970-01-01T00:00:00.000Z
Patrick,Cole,1970-01-01T00:00:00.000Z
Marie,Black,1970-01-01T00:00:00.000Z
Teresa,Martinez,1970-01-01T00:00:00.000Z
Thomas,Kelley,1970-01-01T00:00:00.000Z
Annie,Wells,1970-01-01T00:00:00.000Z
George,Ramirez,1970-01-01T00:00:00.000Z
Anne,Alexander,1970-01-01T00:00:00.000Z
Betty,Gomez,1970-01-01T00:00:00.000Z
Diana,Graham,1970-01-01T00:00:00.000Z
Nicholas,Stone,1970-01-01T00:00:00.000Z
Brandon,Fox,1970-01-01T00:00:00.000Z
Ernest,Watson,1970-01-01T00:00:00.000Z
Evelyn,Brown,1970-01-01T00:00:00.000Z
Walter,Harper,1970-01-01T00:00:00.000Z
Nicole,Larson,1970-01-01T00:00:00.000Z
Doris,Diaz,1970-01-01T00:00:00.000Z
Sara,George,1970-01-01T00:00:00.000Z
Lori,Watson,1970-01-01T00:00:00.000Z
Cynthia,Cook,1970-01-01T00:00:00.000Z
Jason,West,1970-01-01T00:00:00.000Z
Helen,Brooks,1970-01-01T00:00:00.000Z
Timothy,Lewis,1970-01-01T00:00:00.000Z
Craig,Walker,1970-01-01T00:00:00.000Z
Richard,Stewart,1970-01-01T00:00:00.000Z
Ann,Little,1970-01-01T00:00:00.000Z
Debra,Chavez,1970-01-01T00:00:00.000Z
Nicole,Hicks,1970-01-01T00:00:00.000Z
Marilyn,Jacobs,1970-01-01T00:00:00.000Z
Angela,Day,1970-01-01T00:00:00.000Z
Louis,Burke,1970-01-01T00:00:00.000Z
Rebecca,Peterson,1970-01-01T00:00:00.000Z
Steven,Stanley,1970-01-01T00:00:00.000Z
Raymond,Chavez,1970-01-01T00:00:00.000Z
Dennis,Fowler,1970-01-01T00:00:00.000Z
Lisa,Morgan,1970-01-01T00:00:00.000Z
Helen,Nelson,1970-01-01T00:00:00.000Z
Louis,Dunn,1970-01-01T00:00:00.000Z
Thomas,Gardner,1970-01-01T00:00:00.000Z
Jimmy,Bishop,1970-01-01T00:00:00.000Z
Steven,Burke,1970-01-01T00:00:00.000Z
Gregory,Campbell,1970-01-01T00:00:00.000Z
Willie,Rose,1970-01-01T00:00:00.000Z
Juan,Russell,1970-01-01T00:00:00.000Z
Todd,Castillo,1970-01-01T00:00:00.000Z
Brenda,Harris,1970-01-01T00:00:00.000Z
Wanda,Sims,1970-01-01T00:00:00.000Z
Edward,Palmer,1970-01-01T00:00:00.000Z
Roy,Hansen,1970-01-01T00:00:00.000Z
Louis,Fields,1970-01-01T00:00:00.000Z
Joshua,Garrett,1970-01-01T00:00:00.000Z
Peter,Mccoy,1970-01-01T00:00:00.000Z
Donna,Allen,1970-01-01T00:00:00.000Z
Lillian,Oliver,1970-01-01T00:00:00.000Z
Frank,Perkins,1970-01-01T00:00:00.000Z
Lawrence,Peters,1970-01-01T00:00:00.000Z
Amanda,Ryan,1970-01-01T00:00:00.000Z
Howard,Mills,1970-01-01T00:00:00.000Z
Christina,Lopez,1970-01-01T00:00:00.000Z
Daniel,Watkins,1970-01-01T00:00:00.000Z
Larry,Peterson,1970-01-01T00:00:00.000Z
Ernest,Schmidt,1970-01-01T00:00:00.000Z
Harold,Harris,1970-01-01T00:00:00.000Z
Douglas,Morales,1970-01-01T00:00:00.000Z
Irene,Crawford,1970-01-01T00:00:00.000Z
Martin,Ellis,1970-01-01T00:00:00.000Z
Benjamin,Williams,1970-01-01T00:00:00.000Z
Karen,Hill,1970-01-01T00:00:00.000Z
Teresa,Richards,1970-01-01T00:00:00.000Z
Donna,Marshall,1970-01-01T00:00:00.000Z
Ronald,Kim,1970-01-01T00:00:00.000Z
Sandra,Howell,1970-01-01T00:00:00.000Z
Ralph,Smith,1970-01-01T00:00:00.000Z
Frank,Lawrence,1970-01-01T00:00:00.000Z
Betty,Little,1970-01-01T00:00:00.000Z
Jonathan,Washington,1970-01-01T00:00:00.000Z
Diana,Young,1970-01-01T00:00:00.000Z
Jean,Hamilton,1970-01-01T00:00:00.000Z
Christina,Rice,1970-01-01T00:00:00.000Z
Antonio,Smith,1970-01-01T00:00:00.000Z
Dianne,Gilbert,1970-01-01T00:00:00.000Z
Aaron,Fowler,1970-01-01T00:00:00.000Z
Louis,Kennedy,1970-01-01T00:00:00.000Z
Emily,Dunn,1970-01-01T00:00:00.000Z
Robert,Walker,1970-01-01T00:00:00.000Z
Kelly,Knight,1970-01-01T00:00:00.000Z
Lori,Bradley,1970-01-01T00:00:00.000Z
Donna,Sims,1970-01-01T00:00:00.000Z
Stephen,Henry,1970-01-01T00:00:00.000Z
Eric,Elliott,1970-01-01T00:00:00.000Z
Marie,Peters,1970-01-01T00:00:00.000Z
Kathy,Hawkins,1970-01-01T00:00:00.000Z
Jesse,Kennedy,1970-01-01T00:00:00.000Z
Jerry,Harrison,1970-01-01T00:00:00.000Z
Maria,Brown,1970-01-01T00:00:00.000Z
Earl,Hicks,1970-01-01T00:00:00.000Z
Jessica,Stewart,1970-01-01T00:00:00.000Z
Joseph,Rivera,1970-01-01T00:00:00.000Z
Sara,Hill,1970-01-01T00:00:00.000Z
Susan,Martinez,1970-01-01T00:00:00.000Z
Benjamin,Schmidt,1970-01-01T00:00:00.000Z
Alan,Butler,1970-01-01T00:00:00.000Z
Roger,Myers,1970-01-01T00:00:00.000Z
Mary,Day,1970-01-01T00:00:00.000Z
Fred,Wagner,1970-01-01T00:00:00.000Z
Richard,Nichols,1970-01-01T00:00:00.000Z
Matthew,Fields,1970-01-01T00:00:00.000Z
Roger,Kennedy,1970-01-01T00:00:00.000Z
Timothy,Ellis,1970-01-01T00:00:00.000Z
Eugene,Young,1970-01-01T00:00:00.000Z
Barbara,Lynch,1970-01-01T00:00:00.000Z
Lois,Porter,1970-01-01T00:00:00.000Z
Douglas,Marshall,1970-01-01T00:00:00.000Z
Kathleen,Hughes,1970-01-01T00:00:00.000Z
Marilyn,Ward,1970-01-01T00:00:00.000Z
Melissa,Mitchell,1970-01-01T00:00:00.000Z
Nancy,Brown,1970-01-01T00:00:00.000Z
Roy,Grant,1970-01-01T00:00:00.000Z
Alan,Burton,1970-01-01T00:00:00.000Z
Julie,Hill,1970-01-01T00:00:00.000Z
Lawrence,Burke,1970-01-01T00:00:00.000Z
Melissa,Evans,1970-01-01T00:00:00.000Z
Dennis,Castillo,1970-01-01T00:00:00.000Z
Earl,Clark,1970-01-01T00:00:00.000Z
Donna,Edwards,1970-01-01T00:00:00.000Z
Cheryl,Henry,1970-01-01T00:00:00.000Z
Irene,Martin,1970-01-01T00:00:00.000Z
Todd,Perry,1970-01-01T00:00:00.000Z
Denise,Arnold,1970-01-01T00:00:00.000Z
Christine,Elliott,1970-01-01T00:00:00.000Z
Bobby,Collins,1970-01-01T00:00:00.000Z
Harold,Gordon,1970-01-01T00:00:00.000Z
Ruby,Bowman,1970-01-01T00:00:00.000Z
Gloria,Cook,1970-01-01T00:00:00.000Z
Karen,Griffin,1970-01-01T00:00:00.000Z
Alan,Nichols,1970-01-01T00:00:00.000Z
Jack,Hill,1970-01-01T00:00:00.000Z
Jose,Morris,1970-01-01T00:00:00.000Z
Chris,Collins,1970-01-01T00:00:00.000Z
Jonathan,Willis,1970-01-01T00:00:00.000Z
Steve,Mason,1970-01-01T00:00:00.000Z
Diane,Reynolds,1970-01-01T00:00:00.000Z
Terry,Reynolds,1970-01-01T00:00:00.000Z
Katherine,Fuller,1970-01-01T00:00:00.000Z
Arthur,Fisher,1970-01-01T00:00:00.000Z
Donald,Walker,1970-01-01T00:00:00.000Z
George,Romero,1970-01-01T00:00:00.000Z
Donna,Nelson,1970-01-01T00:00:00.000Z
Deborah,Hill,1970-01-01T00:00:00.000Z
Aaron,Rogers,1970-01-01T00:00:00.000Z
Joseph,Jordan,1970-01-01T00:00:00.000Z
Michelle,Lane,1970-01-01T00:00:00.000Z
Jonathan,Mills,1970-01-01T00:00:00.000Z
Barbara,Greene,1970-01-01T00:00:00.000Z
Andrea,George,1970-01-01T00:00:00.000Z
Walter,Wood,1970-01-01T00:00:00.000Z
Jeremy,Hunt,1970-01-01T00:00:00.000Z
Brenda,Fuller,1970-01-01T00:00:00.000Z
Ryan,Hanson,1970-01-01T00:00:00.000Z
Phyllis,Edwards,1970-01-01T00:00:00.000Z
Carl,Perez,1970-01-01T00:00:00.000Z
Patrick,Cole,1970-01-01T00:00:00.000Z
Lori,Duncan,1970-01-01T00:00:00.000Z
Lawrence,Hill,1970-01-01T00:00:00.000Z
Cynthia,Carroll,1970-01-01T00:00:00.000Z
Patrick,Kelly,1970-01-01T00:00:00.000Z
Lawrence,Ramos,1970-01-01T00:00:00.000Z
Barbara,Hamilton,1970-01-01T00:00:00.000Z
Philip,Russell,1970-01-01T00:00:00.000Z
Harold,Reid,1970-01-01T00:00:00.000Z
Carl,Harvey,1970-01-01T00:00:00.000Z
William,Jones,1970-01-01T00:00:00.000Z
Ralph,Hill,1970-01-01T00:00:00.000Z
Jimmy,Edwards,1970-01-01T00:00:00.000Z
Cynthia,Mcdonald,1970-01-01T00:00:00.000Z
Marilyn,Garrett,1970-01-01T00:00:00.000Z
Bruce,Day,1970-01-01T00:00:00.000Z
Roy,Martin,1970-01-01T00:00:00.000Z
Fred,Matthews,1970-01-01T00:00:00.000Z
Daniel,Oliver,1970-01-01T00:00:00.000Z
Nancy,Spencer,1970-01-01T00:00:00.000Z
Jose,Weaver,1970-01-01T00:00:00.000Z
Joyce,Fowler,1970-01-01T00:00:00.000Z
Tammy,Mendoza,1970-01-01T00:00:00.000Z
Michael,George,1970-01-01T00:00:00.000Z
Susan,Sullivan,1970-01-01T00:00:00.000Z
Jack,Austin,1970-01-01T00:00:00.000Z
Dorothy,Morales,1970-01-01T00:00:00.000Z
Benjamin,Peterson,1970-01-01T00:00:00.000Z
Jerry,Richardson,1970-01-01T00:00:00.000Z
Wayne,Harvey,1970-01-01T00:00:00.000Z
Michael,Ross,1970-01-01T00:00:00.000Z
Joe,Kelly,1970-01-01T00:00:00.000Z
Kevin,Oliver,1970-01-01T00:00:00.000Z
Helen,Peterson,1970-01-01T00:00:00.000Z
Evelyn,Reyes,1970-01-01T00:00:00.000Z
Helen,Rose,1970-01-01T00:00:00.000Z
Patrick,Fowler,1970-01-01T00:00:00.000Z
Walter,Mills,1970-01-01T00:00:00.000Z
Janet,Cruz,1970-01-01T00:00:00.000Z
Lillian,Hunter,1970-01-01T00:00:00.000Z
Shawn,Martinez,1970-01-01T00:00:00.000Z
Peter,Fernandez,1970-01-01T00:00:00.000Z
Paula,Jackson,1970-01-01T00:00:00.000Z
David,Ellis,1970-01-01T00:00:00.000Z
Earl,Brown,1970-01-01T00:00:00.000Z
Wanda,Jacobs,1970-01-01T00:00:00.000Z
Eric,Greene,1970-01-01T00:00:00.000Z
Kevin,Woods,1970-01-01T00:00:00.000Z
Donald,Holmes,1970-01-01T00:00:00.000Z
Amanda,Romero,1970-01-01T00:00:00.000Z
Nicholas,Frazier,1970-01-01T00:00:00.000Z
Bobby,Ward,1970-01-01T00:00:00.000Z
Virginia,Ray,1970-01-01T00:00:00.000Z
Phyllis,Cooper,1970-01-01T00:00:00.000Z
Ashley,Stewart,1970-01-01T00:00:00.000Z
Paula,Banks,1970-01-01T00:00:00.000Z
Cheryl,Perkins,1970-01-01T00:00:00.000Z
Lois,Day,1970-01-01T00:00:00.000Z
Douglas,Hicks,1970-01-01T00:00:00.000Z
Helen,Green,1970-01-01T00:00:00.000Z
Alan,Bennett,1970-01-01T00:00:00.000Z
Angela,Martin,1970-01-01T00:00:00.000Z
Joshua,Peterson,1970-01-01T00:00:00.000Z
Mary,Chapman,1970-01-01T00:00:00.000Z
Donald,Howell,1970-01-01T00:00:00.000Z
Steven,Reyes,1970-01-01T00:00:00.000Z
Julia,Rogers,1970-01-01T00:00:00.000Z
Justin,Harper,1970-01-01T00:00:00.000Z
Debra,Gutierrez,1970-01-01T00:00:00.000Z
Juan,Murphy,1970-01-01T00:00:00.000Z
Robert,Sanchez,1970-01-01T00:00:00.000Z
Victor,Gutierrez,1970-01-01T00:00:00.000Z
Willie,Nichols,1970-01-01T00:00:00.000Z
Pamela,Morrison,1970-01-01T00:00:00.000Z
Jimmy,Marshall,1970-01-01T00:00:00.000Z
Antonio,Reyes,1970-01-01T00:00:00.000Z
Tammy,Miller,1970-01-01T00:00:00.000Z
Jeffrey,Lopez,1970-01-01T00:00:00.000Z
Ruth,Thomas,1970-01-01T00:00:00.000Z
Anna,Mcdonald,1970-01-01T00:00:00.000Z
Edward,Freeman,1970-01-01T00:00:00.000Z
Donald,Peterson,1970-01-01T00:00:00.000Z
Carl,Sanchez,1970-01-01T00:00:00.000Z
Johnny,Carter,1970-01-01T00:00:00.000Z
Betty,Bryant,1970-01-01T00:00:00.000Z
John,Kelley,1970-01-01T00:00:00.000Z
Jeremy,Jones,1970-01-01T00:00:00.000Z
Steve,Ward,1970-01-01T00:00:00.000Z
John,Duncan,1970-01-01T00:00:00.000Z
Craig,Montgomery,1970-01-01T00:00:00.000Z
Carl,Cook,1970-01-01T00:00:00.000Z
Kathryn,Russell,1970-01-01T00:00:00.000Z
Howard,Fields,1970-01-01T00:00:00.000Z
Clarence,Oliver,1970-01-01T00:00:00.000Z
Jacqueline,Holmes,1970-01-01T00:00:00.000Z
Scott,Burns,1970-01-01T00:00:00.000Z
Deborah,Cruz,1970-01-01T00:00:00.000Z
Terry,Cole,1970-01-01T00:00:00.000Z
Shirley,Hughes,1970-01-01T00:00:00.000Z
Carol,Fowler,1970-01-01T00:00:00.000Z
Doris,Hernandez,1970-01-01T00:00:00.000Z
Todd,Lawrence,1970-01-01T00:00:00.000Z
William,Perry,1970-01-01T00:00:00.000Z
Kathleen,Austin,1970-01-01T00:00:00.000Z
Phyllis,Ellis,1970-01-01T00:00:00.000Z
Albert,Black,1970-01-01T00:00:00.000Z
Susan,Butler,1970-01-01T00:00:00.000Z
Jennifer,Howell,1970-01-01T00:00:00.000Z
Stephanie,Watson,1970-01-01T00:00:00.000Z
Julie,Martinez,1970-01-01T00:00:00.000Z
Stephanie,Anderson,1970-01-01T00:00:00.000Z
Daniel,Holmes,1970-01-01T00:00:00.000Z
Linda,Walker,1970-01-01T00:00:00.000Z
Steven,Jacobs,1970-01-01T00:00:00.000Z
Steven,Smith,1970-01-01T00:00:00.000Z
Charles,Richardson,1970-01-01T00:00:00.000Z
Michelle,Hanson,1970-01-01T00:00:00.000Z
Raymond,Lee,1970-01-01T00:00:00.000Z
Virginia,Bailey,1970-01-01T00:00:00.000Z
Kimberly,Burton,1970-01-01T00:00:00.000Z
Joan,Weaver,1970-01-01T00:00:00.000Z
Janice,Smith,1970-01-01T00:00:00.000Z
Charles,Sims,1970-01-01T00:00:00.000Z
Karen,Johnston,1970-01-01T00:00:00.000Z
Henry,Crawford,1970-01-01T00:00:00.000Z
Keith,Jordan,1970-01-01T00:00:00.000Z
Richard,Grant,1970-01-01T00:00:00.000Z
Irene,White,1970-01-01T00:00:00.000Z
Joe,Snyder,1970-01-01T00:00:00.000Z
Jason,Brown,1970-01-01T00:00:00.000Z
Kimberly,Simmons,1970-01-01T00:00:00.000Z
James,Duncan,1970-01-01T00:00:00.000Z
Rose,Hill,1970-01-01T00:00:00.000Z
William,Owens,1970-01-01T00:00:00.000Z
Lisa,Moore,1970-01-01T00:00:00.000Z
Amanda,Collins,1970-01-01T00:00:00.000Z
Alan,Hudson,1970-01-01T00:00:00.000Z
Barbara,Hart,1970-01-01T00:00:00.000Z
Rachel,Ferguson,1970-01-01T00:00:00.000Z
Bonnie,Fuller,1970-01-01T00:00:00.000Z
Ryan,Hicks,1970-01-01T00:00:00.000Z
Joan,Burke,1970-01-01T00:00:00.000Z
Paul,Wells,1970-01-01T00:00:00.000Z
Victor,Washington,1970-01-01T00:00:00.000Z
Douglas,Perkins,1970-01-01T00:00:00.000Z
Kenneth,Riley,1970-01-01T00:00:00.000Z
Emily,Willis,1970-01-01T00:00:00.000Z
